"Model","Accuracy","Kappa","F1_Macro"
"Random Forest",0.866666666666667,0.365440083908749,0.705546026300743
"LASSO",0.893939393939394,0.52774256858977,0.612405854512704
"XGBoost",0.357575757575758,0.00248096500983837,0.231795798627482
