"subtype","n","median_TMB","mean_TMB"
"Luminal A",850,0.789473684210526,1.67136222910217
"HER2-enriched",35,1.65789473684211,2.31428571428571
"Triple Negative",99,1.47368421052632,2.72169059011164
